,bluetooth earbuds,phone case,LED strip lights,kitchen organizer,yoga mat
2025-07-14 00:33:19.898367,38,46,48,37,48
2025-07-21 00:33:19.898367,32,44,49,50,41
2025-07-28 00:33:19.898367,29,35,49,51,36
2025-08-04 00:33:19.898367,45,46,43,40,47
2025-08-11 00:33:19.898367,33,38,51,48,36
2025-08-18 00:33:19.898367,29,39,51,51,41
2025-08-25 00:33:19.898367,29,41,49,46,39
2025-09-01 00:33:19.898367,31,39,48,49,44
2025-09-08 00:33:19.898367,30,33,41,45,40
2025-09-15 00:33:19.898367,33,36,46,38,41
2025-09-22 00:33:19.898367,33,44,46,50,34
2025-09-29 00:33:19.898367,32,43,43,51,51
2025-10-06 00:33:19.898367,38,42,46,48,35
2025-10-13 00:33:19.898367,38,39,48,40,46
2025-10-20 00:33:19.898367,18,41,55,41,41
2025-10-27 00:33:19.898367,33,39,46,39,40
2025-11-03 00:33:19.898367,28,36,47,48,41
2025-11-10 00:33:19.898367,28,43,44,51,29
2025-11-17 00:33:19.898367,21,35,35,47,43
2025-11-24 00:33:19.898367,35,32,44,49,35
2025-12-01 00:33:19.898367,28,42,44,40,44
2025-12-08 00:33:19.898367,29,41,56,45,37
2025-12-15 00:33:19.898367,29,27,42,38,35
2025-12-22 00:33:19.898367,31,38,44,41,30
2025-12-29 00:33:19.898367,25,24,42,49,32
2026-01-05 00:33:19.898367,26,39,36,43,38
2026-01-12 00:33:19.898367,26,29,47,51,29
2026-01-19 00:33:19.898367,28,37,45,47,25
2026-01-26 00:33:19.898367,24,29,44,58,30
2026-02-02 00:33:19.898367,24,34,36,45,38
2026-02-09 00:33:19.898367,20,25,47,37,43
2026-02-16 00:33:19.898367,19,30,32,44,30
2026-02-23 00:33:19.898367,28,31,42,40,25
2026-03-02 00:33:19.898367,30,35,50,49,31
2026-03-09 00:33:19.898367,20,39,33,45,33
2026-03-16 00:33:19.898367,24,33,35,44,35
2026-03-23 00:33:19.898367,15,31,38,44,42
2026-03-30 00:33:19.898367,19,24,34,48,32
2026-04-06 00:33:19.898367,18,22,29,42,39
2026-04-13 00:33:19.898367,28,29,37,48,28
2026-04-20 00:33:19.898367,21,28,31,50,30
2026-04-27 00:33:19.898367,12,30,38,43,26
2026-05-04 00:33:19.898367,8,31,30,40,26
2026-05-11 00:33:19.898367,13,28,42,42,27
2026-05-18 00:33:19.898367,19,19,30,48,27
2026-05-25 00:33:19.898367,19,30,32,45,25
2026-06-01 00:33:19.898367,21,25,38,48,25
2026-06-08 00:33:19.898367,8,20,27,53,33
2026-06-15 00:33:19.898367,19,23,34,46,37
2026-06-22 00:33:19.898367,16,17,39,40,24
2026-06-29 00:33:19.898367,18,22,24,50,24
2026-07-06 00:33:19.898367,19,27,32,45,28
